-- phpMyAdmin SQL Dump
-- version 5.2.1
-- https://www.phpmyadmin.net/
--
-- Host: localhost
-- Generation Time: May 22, 2023 at 10:20 PM
-- Server version: 10.11.3-MariaDB
-- PHP Version: 8.2.6

SET SQL_MODE = "NO_AUTO_VALUE_ON_ZERO";
START TRANSACTION;
SET time_zone = "+00:00";


/*!40101 SET @OLD_CHARACTER_SET_CLIENT=@@CHARACTER_SET_CLIENT */;
/*!40101 SET @OLD_CHARACTER_SET_RESULTS=@@CHARACTER_SET_RESULTS */;
/*!40101 SET @OLD_COLLATION_CONNECTION=@@COLLATION_CONNECTION */;
/*!40101 SET NAMES utf8mb4 */;

--
-- Database: `upabhog`
--

-- --------------------------------------------------------

--
-- Table structure for table `districts`
--d
--
-- Dumping data for table `districts`
--

INSERT INTO `districts` (`id`, `district_name`, `created_at`, `updated_at`, `province_id`) VALUES
(1, 'Taplejung', '2023-05-17 00:03:41', '2023-05-17 00:03:41', 1),
(2, 'Panchthar', '2023-05-17 00:03:41', '2023-05-17 00:03:41', 1),
(3, 'Ilam', '2023-05-17 00:03:42', '2023-05-17 00:03:42', 1),
(4, 'Jhapa', '2023-05-17 00:03:42', '2023-05-17 00:03:42', 1),
(5, 'Morang', '2023-05-17 00:03:42', '2023-05-17 00:03:42', 1),
(6, 'Sunsari', '2023-05-17 00:03:42', '2023-05-17 00:03:42', 1),
(7, 'Dhankuta', '2023-05-17 00:03:42', '2023-05-17 00:03:42', 1),
(8, 'Terhathum', '2023-05-17 00:03:43', '2023-05-17 00:03:43', 1),
(9, 'Sankhuwasabha', '2023-05-17 00:03:43', '2023-05-17 00:03:43', 1),
(10, 'Bhojpur', '2023-05-17 00:03:43', '2023-05-17 00:03:43', 1),
(11, 'Solukhumbu', '2023-05-17 00:03:43', '2023-05-17 00:03:43', 1),
(12, 'Okhaldhunga', '2023-05-17 00:03:43', '2023-05-17 00:03:43', 1),
(13, 'Khotang', '2023-05-17 00:03:44', '2023-05-17 00:03:44', 1),
(14, 'Udayapur', '2023-05-17 00:03:44', '2023-05-17 00:03:44', 1),
(15, 'Saptari', '2023-05-17 00:03:44', '2023-05-17 00:03:44', 2),
(16, 'Siraha', '2023-05-17 00:03:44', '2023-05-17 00:03:44', 2),
(17, 'Dhanusha', '2023-05-17 00:03:45', '2023-05-17 00:03:45', 2),
(18, 'Mahottari', '2023-05-17 00:03:45', '2023-05-17 00:03:45', 2),
(19, 'Sarlahi', '2023-05-17 00:03:45', '2023-05-17 00:03:45', 2),
(20, 'Sindhuli', '2023-05-17 00:03:45', '2023-05-17 00:03:45', 3),
(21, 'Ramechhap', '2023-05-17 00:03:45', '2023-05-17 00:03:45', 3),
(22, 'Dolakha', '2023-05-17 00:03:46', '2023-05-17 00:03:46', 3),
(23, 'Sindhupalchok', '2023-05-17 00:03:46', '2023-05-17 00:03:46', 3),
(24, 'Kabhrepalanchok', '2023-05-17 00:03:46', '2023-05-17 00:03:46', 3),
(25, 'Lalitpur', '2023-05-17 00:03:46', '2023-05-17 00:03:46', 3),
(26, 'Bhaktapur', '2023-05-17 00:03:46', '2023-05-17 00:03:46', 3),
(27, 'Kathmandu', '2023-05-17 00:03:47', '2023-05-17 00:03:47', 3),
(28, 'Nuwakot', '2023-05-17 00:03:47', '2023-05-17 00:03:47', 3),
(29, 'Rasuwa', '2023-05-17 00:03:47', '2023-05-17 00:03:47', 3),
(30, 'Dhading', '2023-05-17 00:03:47', '2023-05-17 00:03:47', 3),
(31, 'Makawanpur', '2023-05-17 00:03:47', '2023-05-17 00:03:47', 3),
(32, 'Rautahat', '2023-05-17 00:03:48', '2023-05-17 00:03:48', 2),
(33, 'Bara', '2023-05-17 00:03:48', '2023-05-17 00:03:48', 2),
(34, 'Parsa', '2023-05-17 00:03:48', '2023-05-17 00:03:48', 2),
(35, 'Chitawan', '2023-05-17 00:03:48', '2023-05-17 00:03:48', 3),
(36, 'Gorkha', '2023-05-17 00:03:49', '2023-05-17 00:03:49', 4),
(37, 'Lamjung', '2023-05-17 00:03:49', '2023-05-17 00:03:49', 4),
(38, 'Tanahu', '2023-05-17 00:03:49', '2023-05-17 00:03:49', 4),
(39, 'Syangja', '2023-05-17 00:03:49', '2023-05-17 00:03:49', 4),
(40, 'Kaski', '2023-05-17 00:03:49', '2023-05-17 00:03:49', 4),
(41, 'Manang', '2023-05-17 00:03:50', '2023-05-17 00:03:50', 4),
(42, 'Mustang', '2023-05-17 00:03:50', '2023-05-17 00:03:50', 4),
(43, 'Myagdi', '2023-05-17 00:03:50', '2023-05-17 00:03:50', 4),
(44, 'Parbat', '2023-05-17 00:03:50', '2023-05-17 00:03:50', 4),
(45, 'Baglung', '2023-05-17 00:03:50', '2023-05-17 00:03:50', 4),
(46, 'Gulmi', '2023-05-17 00:03:51', '2023-05-17 00:03:51', 5),
(47, 'Palpa', '2023-05-17 00:03:51', '2023-05-17 00:03:51', 5),
(48, 'Parasi', '2023-05-17 00:03:51', '2023-05-17 00:03:51', 5),
(49, 'Rupandehi', '2023-05-17 00:03:51', '2023-05-17 00:03:51', 5),
(50, 'Kapilbastu', '2023-05-17 00:03:52', '2023-05-17 00:03:52', 5),
(51, 'Arghakhanchi', '2023-05-17 00:03:52', '2023-05-17 00:03:52', 5),
(52, 'Pyuthan', '2023-05-17 00:03:52', '2023-05-17 00:03:52', 5),
(53, 'Rolpa', '2023-05-17 00:03:52', '2023-05-17 00:03:52', 5),
(54, 'Western_rukum', '2023-05-17 00:03:52', '2023-05-17 00:03:52', 6),
(55, 'Salyan', '2023-05-17 00:03:53', '2023-05-17 00:03:53', 6),
(56, 'Dang', '2023-05-17 00:03:53', '2023-05-17 00:03:53', 5),
(57, 'Banke', '2023-05-17 00:03:53', '2023-05-17 00:03:53', 5),
(58, 'Bardiya', '2023-05-17 00:03:54', '2023-05-17 00:03:54', 5),
(59, 'Surkhet', '2023-05-17 00:03:54', '2023-05-17 00:03:54', 6),
(60, 'Dailekh', '2023-05-17 00:03:54', '2023-05-17 00:03:54', 6),
(61, 'Jajarkot', '2023-05-17 00:03:54', '2023-05-17 00:03:54', 6),
(62, 'Dolpa', '2023-05-17 00:03:55', '2023-05-17 00:03:55', 6),
(63, 'Jumla', '2023-05-17 00:03:55', '2023-05-17 00:03:55', 6),
(64, 'Kalikot', '2023-05-17 00:03:55', '2023-05-17 00:03:55', 6),
(65, 'Mugu', '2023-05-17 00:03:55', '2023-05-17 00:03:55', 6),
(66, 'Humla', '2023-05-17 00:03:55', '2023-05-17 00:03:55', 6),
(67, 'Bajura', '2023-05-17 00:03:56', '2023-05-17 00:03:56', 7),
(68, 'Bajhang', '2023-05-17 00:03:56', '2023-05-17 00:03:56', 7),
(69, 'Achham', '2023-05-17 00:03:56', '2023-05-17 00:03:56', 7),
(70, 'Doti', '2023-05-17 00:03:56', '2023-05-17 00:03:56', 7),
(71, 'Kailali', '2023-05-17 00:03:56', '2023-05-17 00:03:56', 7),
(72, 'Kanchanpur', '2023-05-17 00:03:57', '2023-05-17 00:03:57', 7),
(73, 'Dadeldhura', '2023-05-17 00:03:57', '2023-05-17 00:03:57', 7),
(74, 'Baitadi', '2023-05-17 00:03:57', '2023-05-17 00:03:57', 7),
(75, 'Darchula', '2023-05-17 00:03:57', '2023-05-17 00:03:57', 7),
(76, 'Nawalpur', '2023-05-17 00:03:58', '2023-05-17 00:03:58', 4),
(77, 'Eastern_rukum', '2023-05-17 00:03:58', '2023-05-17 00:03:58', 5);

-- --------------------------------------------------------

--
-- Table structure for table `municipalities`
--



INSERT INTO `municipalities` (`id`, `municipality_name`, `created_at`, `updated_at`, `district_id`) VALUES
(1, 'Aathrai Tribeni', '2023-05-17 00:03:58', '2023-05-17 00:03:58', 1),
(2, 'Maiwakhola', '2023-05-17 00:03:58', '2023-05-17 00:03:58', 1),
(3, 'Meringden', '2023-05-17 00:03:58', '2023-05-17 00:03:58', 1),
(4, 'Mikwakhola', '2023-05-17 00:03:59', '2023-05-17 00:03:59', 1),
(5, 'Phaktanglung', '2023-05-17 00:03:59', '2023-05-17 00:03:59', 1),
(6, 'Phungling', '2023-05-17 00:03:59', '2023-05-17 00:03:59', 1),
(7, 'Sidingba', '2023-05-17 00:03:59', '2023-05-17 00:03:59', 1),
(8, 'Sirijangha', '2023-05-17 00:03:59', '2023-05-17 00:03:59', 1),
(9, 'Yangwarak', '2023-05-17 00:04:00', '2023-05-17 00:04:00', 1),
(10, 'Falelung', '2023-05-17 00:04:00', '2023-05-17 00:04:00', 2),
(11, 'Falgunanda', '2023-05-17 00:04:00', '2023-05-17 00:04:00', 2),
(12, 'Hilihang', '2023-05-17 00:04:00', '2023-05-17 00:04:00', 2),
(13, 'Kummayak', '2023-05-17 00:04:00', '2023-05-17 00:04:00', 2),
(14, 'Miklajung', '2023-05-17 00:04:01', '2023-05-17 00:04:01', 2),
(15, 'Phidim', '2023-05-17 00:04:01', '2023-05-17 00:04:01', 2),
(16, 'Tumbewa', '2023-05-17 00:04:01', '2023-05-17 00:04:01', 2),
(17, 'Yangwarak', '2023-05-17 00:04:01', '2023-05-17 00:04:01', 2),
(18, 'Chulachuli', '2023-05-17 00:04:02', '2023-05-17 00:04:02', 3),
(19, 'Deumai', '2023-05-17 00:04:02', '2023-05-17 00:04:02', 3),
(20, 'Fakphokthum', '2023-05-17 00:04:02', '2023-05-17 00:04:02', 3),
(21, 'Illam', '2023-05-17 00:04:02', '2023-05-17 00:04:02', 3),
(22, 'Mai', '2023-05-17 00:04:02', '2023-05-17 00:04:02', 3),
(23, 'Maijogmai', '2023-05-17 00:04:03', '2023-05-17 00:04:03', 3),
(24, 'Mangsebung', '2023-05-17 00:04:03', '2023-05-17 00:04:03', 3),
(25, 'Rong', '2023-05-17 00:04:03', '2023-05-17 00:04:03', 3),
(26, 'Sandakpur', '2023-05-17 00:04:03', '2023-05-17 00:04:03', 3),
(27, 'Suryodaya', '2023-05-17 00:04:03', '2023-05-17 00:04:03', 3),
(28, 'Arjundhara', '2023-05-17 00:04:04', '2023-05-17 00:04:04', 4),
(29, 'Barhadashi', '2023-05-17 00:04:04', '2023-05-17 00:04:04', 4),
(30, 'Bhadrapur', '2023-05-17 00:04:04', '2023-05-17 00:04:04', 4),
(31, 'Birtamod', '2023-05-17 00:04:04', '2023-05-17 00:04:04', 4),
(32, 'Buddhashanti', '2023-05-17 00:04:04', '2023-05-17 00:04:04', 4),
(33, 'Damak', '2023-05-17 00:04:05', '2023-05-17 00:04:05', 4),
(34, 'Gauradhaha', '2023-05-17 00:04:05', '2023-05-17 00:04:05', 4),
(35, 'Gauriganj', '2023-05-17 00:04:05', '2023-05-17 00:04:05', 4),
(36, 'Haldibari', '2023-05-17 00:04:05', '2023-05-17 00:04:05', 4),
(37, 'Jhapa', '2023-05-17 00:04:06', '2023-05-17 00:04:06', 4),
(38, 'Kachankawal', '2023-05-17 00:04:06', '2023-05-17 00:04:06', 4),
(39, 'Kamal', '2023-05-17 00:04:06', '2023-05-17 00:04:06', 4),
(40, 'Kankai', '2023-05-17 00:04:06', '2023-05-17 00:04:06', 4),
(41, 'Mechinagar', '2023-05-17 00:04:06', '2023-05-17 00:04:06', 4),
(42, 'Shivasataxi', '2023-05-17 00:04:07', '2023-05-17 00:04:07', 4),
(43, 'Belbari', '2023-05-17 00:04:07', '2023-05-17 00:04:07', 5),
(44, 'Biratnagar', '2023-05-17 00:04:07', '2023-05-17 00:04:07', 5),
(45, 'Budhiganga', '2023-05-17 00:04:07', '2023-05-17 00:04:07', 5),
(46, 'Dhanpalthan', '2023-05-17 00:04:07', '2023-05-17 00:04:07', 5),
(47, 'Gramthan', '2023-05-17 00:04:08', '2023-05-17 00:04:08', 5),
(48, 'Jahada', '2023-05-17 00:04:08', '2023-05-17 00:04:08', 5),
(49, 'Kanepokhari', '2023-05-17 00:04:08', '2023-05-17 00:04:08', 5),
(50, 'Katahari', '2023-05-17 00:04:08', '2023-05-17 00:04:08', 5),
(51, 'Kerabari', '2023-05-17 00:04:09', '2023-05-17 00:04:09', 5),
(52, 'Letang', '2023-05-17 00:04:09', '2023-05-17 00:04:09', 5),
(53, 'Miklajung', '2023-05-17 00:04:09', '2023-05-17 00:04:09', 5),
(54, 'Patahrishanishchare', '2023-05-17 00:04:09', '2023-05-17 00:04:09', 5),
(55, 'Rangeli', '2023-05-17 00:04:09', '2023-05-17 00:04:09', 5),
(56, 'Ratuwamai', '2023-05-17 00:04:10', '2023-05-17 00:04:10', 5),
(57, 'Sundarharaicha', '2023-05-17 00:04:10', '2023-05-17 00:04:10', 5),
(58, 'Sunwarshi', '2023-05-17 00:04:10', '2023-05-17 00:04:10', 5),
(59, 'Uralabari', '2023-05-17 00:04:10', '2023-05-17 00:04:10', 5),
(60, 'Barah', '2023-05-17 00:04:10', '2023-05-17 00:04:10', 6),
(61, 'Barju', '2023-05-17 00:04:11', '2023-05-17 00:04:11', 6),
(62, 'Bhokraha', '2023-05-17 00:04:11', '2023-05-17 00:04:11', 6),
(63, 'Dewanganj', '2023-05-17 00:04:11', '2023-05-17 00:04:11', 6),
(64, 'Dharan', '2023-05-17 00:04:11', '2023-05-17 00:04:11', 6),
(65, 'Duhabi', '2023-05-17 00:04:12', '2023-05-17 00:04:12', 6),
(66, 'Gadhi', '2023-05-17 00:04:12', '2023-05-17 00:04:12', 6),
(67, 'Harinagara', '2023-05-17 00:04:12', '2023-05-17 00:04:12', 6),
(68, 'Inaruwa', '2023-05-17 00:04:12', '2023-05-17 00:04:12', 6),
(69, 'Itahari', '2023-05-17 00:04:12', '2023-05-17 00:04:12', 6),
(70, 'Koshi', '2023-05-17 00:04:13', '2023-05-17 00:04:13', 6),
(71, 'Ramdhuni', '2023-05-17 00:04:13', '2023-05-17 00:04:13', 6),
(72, 'Chaubise', '2023-05-17 00:04:13', '2023-05-17 00:04:13', 7),
(73, 'Chhathar Jorpati', '2023-05-17 00:04:13', '2023-05-17 00:04:13', 7),
(74, 'Dhankuta', '2023-05-17 00:04:13', '2023-05-17 00:04:13', 7),
(75, 'Khalsa Chhintang Shahidbhumi', '2023-05-17 00:04:14', '2023-05-17 00:04:14', 7),
(76, 'Mahalaxmi', '2023-05-17 00:04:14', '2023-05-17 00:04:14', 7),
(77, 'Pakhribas', '2023-05-17 00:04:14', '2023-05-17 00:04:14', 7),
(78, 'Sangurigadhi', '2023-05-17 00:04:14', '2023-05-17 00:04:14', 7),
(79, 'Aathrai', '2023-05-17 00:04:14', '2023-05-17 00:04:14', 8),
(80, 'Chhathar', '2023-05-17 00:04:15', '2023-05-17 00:04:15', 8),
(81, 'Laligurans', '2023-05-17 00:04:15', '2023-05-17 00:04:15', 8),
(82, 'Menchayam', '2023-05-17 00:04:15', '2023-05-17 00:04:15', 8),
(83, 'Myanglung', '2023-05-17 00:04:15', '2023-05-17 00:04:15', 8),
(84, 'Phedap', '2023-05-17 00:04:16', '2023-05-17 00:04:16', 8),
(85, 'Bhotkhola', '2023-05-17 00:04:16', '2023-05-17 00:04:16', 9),
(86, 'Chainpur', '2023-05-17 00:04:16', '2023-05-17 00:04:16', 9),
(87, 'Chichila', '2023-05-17 00:04:16', '2023-05-17 00:04:16', 9),
(88, 'Dharmadevi', '2023-05-17 00:04:16', '2023-05-17 00:04:16', 9),
(89, 'Khandbari', '2023-05-17 00:04:17', '2023-05-17 00:04:17', 9),
(90, 'Madi', '2023-05-17 00:04:17', '2023-05-17 00:04:17', 9),
(91, 'Makalu', '2023-05-17 00:04:17', '2023-05-17 00:04:17', 9),
(92, 'Panchakhapan', '2023-05-17 00:04:17', '2023-05-17 00:04:17', 9),
(93, 'Sabhapokhari', '2023-05-17 00:04:17', '2023-05-17 00:04:17', 9),
(94, 'Silichong', '2023-05-17 00:04:18', '2023-05-17 00:04:18', 9),
(95, 'Aamchowk', '2023-05-17 00:04:18', '2023-05-17 00:04:18', 10),
(96, 'Arun', '2023-05-17 00:04:18', '2023-05-17 00:04:18', 10),
(97, 'Bhojpur', '2023-05-17 00:04:18', '2023-05-17 00:04:18', 10),
(98, 'Hatuwagadhi', '2023-05-17 00:04:19', '2023-05-17 00:04:19', 10),
(99, 'Pauwadungma', '2023-05-17 00:04:19', '2023-05-17 00:04:19', 10),
(100, 'Ramprasad Rai', '2023-05-17 00:04:19', '2023-05-17 00:04:19', 10),
(101, 'Salpasilichho', '2023-05-17 00:04:19', '2023-05-17 00:04:19', 10),
(102, 'Shadananda', '2023-05-17 00:04:19', '2023-05-17 00:04:19', 10),
(103, 'Tyamkemaiyung', '2023-05-17 00:04:20', '2023-05-17 00:04:20', 10),
(104, 'Dudhkaushika', '2023-05-17 00:04:20', '2023-05-17 00:04:20', 11),
(105, 'Dudhkoshi', '2023-05-17 00:04:20', '2023-05-17 00:04:20', 11),
(106, 'Khumbupasanglahmu', '2023-05-17 00:04:20', '2023-05-17 00:04:20', 11),
(107, 'Likhupike', '2023-05-17 00:04:20', '2023-05-17 00:04:20', 11),
(108, 'Mahakulung', '2023-05-17 00:04:21', '2023-05-17 00:04:21', 11),
(109, 'Nechasalyan', '2023-05-17 00:04:21', '2023-05-17 00:04:21', 11),
(110, 'Solududhakunda', '2023-05-17 00:04:21', '2023-05-17 00:04:21', 11),
(111, 'Sotang', '2023-05-17 00:04:21', '2023-05-17 00:04:21', 11),
(112, 'Champadevi', '2023-05-17 00:04:21', '2023-05-17 00:04:21', 12),
(113, 'Chisankhugadhi', '2023-05-17 00:04:22', '2023-05-17 00:04:22', 12),
(114, 'Khijidemba', '2023-05-17 00:04:22', '2023-05-17 00:04:22', 12),
(115, 'Likhu', '2023-05-17 00:04:22', '2023-05-17 00:04:22', 12),
(116, 'Manebhanjyang', '2023-05-17 00:04:22', '2023-05-17 00:04:22', 12),
(117, 'Molung', '2023-05-17 00:04:23', '2023-05-17 00:04:23', 12),
(118, 'Siddhicharan', '2023-05-17 00:04:23', '2023-05-17 00:04:23', 12),
(119, 'Sunkoshi', '2023-05-17 00:04:23', '2023-05-17 00:04:23', 12),
(120, 'Ainselukhark', '2023-05-17 00:04:23', '2023-05-17 00:04:23', 13),
(121, 'Barahapokhari', '2023-05-17 00:04:23', '2023-05-17 00:04:23', 13),
(122, 'Diprung', '2023-05-17 00:04:24', '2023-05-17 00:04:24', 13),
(123, 'Halesi Tuwachung', '2023-05-17 00:04:24', '2023-05-17 00:04:24', 13),
(124, 'Jantedhunga', '2023-05-17 00:04:24', '2023-05-17 00:04:24', 13),
(125, 'Kepilasagadhi', '2023-05-17 00:04:24', '2023-05-17 00:04:24', 13),
(126, 'Khotehang', '2023-05-17 00:04:25', '2023-05-17 00:04:25', 13),
(127, 'Lamidanda', '2023-05-17 00:04:25', '2023-05-17 00:04:25', 13),
(128, 'Rupakot Majhuwagadhi', '2023-05-17 00:04:25', '2023-05-17 00:04:25', 13),
(129, 'Sakela', '2023-05-17 00:04:25', '2023-05-17 00:04:25', 13),
(130, 'Belaka', '2023-05-17 00:04:25', '2023-05-17 00:04:25', 14),
(131, 'Chaudandigadhi', '2023-05-17 00:04:26', '2023-05-17 00:04:26', 14),
(132, 'Katari', '2023-05-17 00:04:26', '2023-05-17 00:04:26', 14),
(133, 'Rautamai', '2023-05-17 00:04:26', '2023-05-17 00:04:26', 14),
(134, 'Sunkoshi', '2023-05-17 00:04:26', '2023-05-17 00:04:26', 14),
(135, 'Tapli', '2023-05-17 00:04:27', '2023-05-17 00:04:27', 14),
(136, 'Triyuga', '2023-05-17 00:04:27', '2023-05-17 00:04:27', 14),
(137, 'Udayapurgadhi', '2023-05-17 00:04:27', '2023-05-17 00:04:27', 14),
(138, 'Agnisair Krishna Savaran', '2023-05-17 00:04:27', '2023-05-17 00:04:27', 15),
(139, 'Balan Bihul', '2023-05-17 00:04:27', '2023-05-17 00:04:27', 15),
(140, 'Belhi Chapena', '2023-05-17 00:04:28', '2023-05-17 00:04:28', 15),
(141, 'Bishnupur', '2023-05-17 00:04:28', '2023-05-17 00:04:28', 15),
(142, 'Bode Barsain', '2023-05-17 00:04:28', '2023-05-17 00:04:28', 15),
(143, 'Chhinnamasta', '2023-05-17 00:04:28', '2023-05-17 00:04:28', 15),
(144, 'Dakneshwori', '2023-05-17 00:04:28', '2023-05-17 00:04:28', 15),
(145, 'Hanumannagar Kankalini', '2023-05-17 00:04:29', '2023-05-17 00:04:29', 15),
(146, 'Kanchanrup', '2023-05-17 00:04:29', '2023-05-17 00:04:29', 15),
(147, 'Khadak', '2023-05-17 00:04:29', '2023-05-17 00:04:29', 15),
(148, 'Mahadeva', '2023-05-17 00:04:29', '2023-05-17 00:04:29', 15),
(149, 'Rajbiraj', '2023-05-17 00:04:29', '2023-05-17 00:04:29', 15),
(150, 'Rupani', '2023-05-17 00:04:30', '2023-05-17 00:04:30', 15),
(151, 'Saptakoshi', '2023-05-17 00:04:30', '2023-05-17 00:04:30', 15),
(152, 'Shambhunath', '2023-05-17 00:04:30', '2023-05-17 00:04:30', 15),
(153, 'Surunga', '2023-05-17 00:04:30', '2023-05-17 00:04:30', 15),
(154, 'Tilathi Koiladi', '2023-05-17 00:04:31', '2023-05-17 00:04:31', 15),
(155, 'Tirahut', '2023-05-17 00:04:31', '2023-05-17 00:04:31', 15),
(156, 'Arnama', '2023-05-17 00:04:31', '2023-05-17 00:04:31', 16),
(157, 'Aurahi', '2023-05-17 00:04:31', '2023-05-17 00:04:31', 16),
(158, 'Bariyarpatti', '2023-05-17 00:04:31', '2023-05-17 00:04:31', 16),
(159, 'Bhagawanpur', '2023-05-17 00:04:32', '2023-05-17 00:04:32', 16),
(160, 'Bishnupur', '2023-05-17 00:04:32', '2023-05-17 00:04:32', 16),
(161, 'Dhangadhimai', '2023-05-17 00:04:32', '2023-05-17 00:04:32', 16),
(162, 'Golbazar', '2023-05-17 00:04:32', '2023-05-17 00:04:32', 16),
(163, 'Kalyanpur', '2023-05-17 00:04:32', '2023-05-17 00:04:32', 16),
(164, 'Karjanha', '2023-05-17 00:04:33', '2023-05-17 00:04:33', 16),
(165, 'Lahan', '2023-05-17 00:04:33', '2023-05-17 00:04:33', 16),
(166, 'Laxmipur Patari', '2023-05-17 00:04:33', '2023-05-17 00:04:33', 16),
(167, 'Mirchaiya', '2023-05-17 00:04:33', '2023-05-17 00:04:33', 16),
(168, 'Naraha', '2023-05-17 00:04:33', '2023-05-17 00:04:33', 16),
(169, 'Nawarajpur', '2023-05-17 00:04:34', '2023-05-17 00:04:34', 16),
(170, 'Sakhuwanankarkatti', '2023-05-17 00:04:34', '2023-05-17 00:04:34', 16),
(171, 'Siraha', '2023-05-17 00:04:34', '2023-05-17 00:04:34', 16),
(172, 'Sukhipur', '2023-05-17 00:04:34', '2023-05-17 00:04:34', 16),
(173, 'Aaurahi', '2023-05-17 00:04:35', '2023-05-17 00:04:35', 17),
(174, 'Bateshwor', '2023-05-17 00:04:35', '2023-05-17 00:04:35', 17),
(175, 'Bideha', '2023-05-17 00:04:35', '2023-05-17 00:04:35', 17),
(176, 'Chhireshwornath', '2023-05-17 00:04:35', '2023-05-17 00:04:35', 17),
(177, 'Dhanauji', '2023-05-17 00:04:35', '2023-05-17 00:04:35', 17),
(178, 'Dhanusadham', '2023-05-17 00:04:36', '2023-05-17 00:04:36', 17),
(179, 'Ganeshman Charnath', '2023-05-17 00:04:36', '2023-05-17 00:04:36', 17),
(180, 'Hansapur', '2023-05-17 00:04:36', '2023-05-17 00:04:36', 17),
(181, 'Janaknandani', '2023-05-17 00:04:36', '2023-05-17 00:04:36', 17),
(182, 'Janakpur', '2023-05-17 00:04:36', '2023-05-17 00:04:36', 17),
(183, 'Kamala', '2023-05-17 00:04:37', '2023-05-17 00:04:37', 17),
(184, 'Lakshminiya', '2023-05-17 00:04:37', '2023-05-17 00:04:37', 17),
(185, 'Mithila', '2023-05-17 00:04:37', '2023-05-17 00:04:37', 17),
(186, 'Mithila Bihari', '2023-05-17 00:04:37', '2023-05-17 00:04:37', 17),
(187, 'Mukhiyapatti Musarmiya', '2023-05-17 00:04:38', '2023-05-17 00:04:38', 17),
(188, 'Nagarain', '2023-05-17 00:04:38', '2023-05-17 00:04:38', 17),
(189, 'Sabaila', '2023-05-17 00:04:38', '2023-05-17 00:04:38', 17),
(190, 'Sahidnagar', '2023-05-17 00:04:38', '2023-05-17 00:04:38', 17),
(191, 'Aurahi', '2023-05-17 00:04:38', '2023-05-17 00:04:38', 18),
(192, 'Balwa', '2023-05-17 00:04:39', '2023-05-17 00:04:39', 18),
(193, 'Bardibas', '2023-05-17 00:04:39', '2023-05-17 00:04:39', 18),
(194, 'Bhangaha', '2023-05-17 00:04:39', '2023-05-17 00:04:39', 18),
(195, 'Ekdanra', '2023-05-17 00:04:39', '2023-05-17 00:04:39', 18),
(196, 'Gaushala', '2023-05-17 00:04:39', '2023-05-17 00:04:39', 18),
(197, 'Jaleswor', '2023-05-17 00:04:40', '2023-05-17 00:04:40', 18),
(198, 'Loharpatti', '2023-05-17 00:04:40', '2023-05-17 00:04:40', 18),
(199, 'Mahottari', '2023-05-17 00:04:40', '2023-05-17 00:04:40', 18),
(200, 'Manra Siswa', '2023-05-17 00:04:40', '2023-05-17 00:04:40', 18),
(201, 'Matihani', '2023-05-17 00:04:40', '2023-05-17 00:04:40', 18),
(202, 'Pipra', '2023-05-17 00:04:41', '2023-05-17 00:04:41', 18),
(203, 'Ramgopalpur', '2023-05-17 00:04:41', '2023-05-17 00:04:41', 18),
(204, 'Samsi', '2023-05-17 00:04:41', '2023-05-17 00:04:41', 18),
(205, 'Sonama', '2023-05-17 00:04:41', '2023-05-17 00:04:41', 18),
(206, 'Bagmati', '2023-05-17 00:04:42', '2023-05-17 00:04:42', 19),
(207, 'Balara', '2023-05-17 00:04:42', '2023-05-17 00:04:42', 19),
(208, 'Barahathawa', '2023-05-17 00:04:42', '2023-05-17 00:04:42', 19),
(209, 'Basbariya', '2023-05-17 00:04:42', '2023-05-17 00:04:42', 19),
(210, 'Bishnu', '2023-05-17 00:04:42', '2023-05-17 00:04:42', 19),
(211, 'Bramhapuri', '2023-05-17 00:04:43', '2023-05-17 00:04:43', 19),
(212, 'Chakraghatta', '2023-05-17 00:04:43', '2023-05-17 00:04:43', 19),
(213, 'Chandranagar', '2023-05-17 00:04:43', '2023-05-17 00:04:43', 19),
(214, 'Dhankaul', '2023-05-17 00:04:43', '2023-05-17 00:04:43', 19),
(215, 'Godaita', '2023-05-17 00:04:43', '2023-05-17 00:04:43', 19),
(216, 'Haripur', '2023-05-17 00:04:44', '2023-05-17 00:04:44', 19),
(217, 'Haripurwa', '2023-05-17 00:04:44', '2023-05-17 00:04:44', 19),
(218, 'Hariwan', '2023-05-17 00:04:44', '2023-05-17 00:04:44', 19),
(219, 'Ishworpur', '2023-05-17 00:04:44', '2023-05-17 00:04:44', 19),
(220, 'Kabilasi', '2023-05-17 00:04:45', '2023-05-17 00:04:45', 19),
(221, 'Kaudena', '2023-05-17 00:04:45', '2023-05-17 00:04:45', 19),
(222, 'Lalbandi', '2023-05-17 00:04:45', '2023-05-17 00:04:45', 19),
(223, 'Malangawa', '2023-05-17 00:04:45', '2023-05-17 00:04:45', 19),
(224, 'Parsa', '2023-05-17 00:04:45', '2023-05-17 00:04:45', 19),
(225, 'Ramnagar', '2023-05-17 00:04:46', '2023-05-17 00:04:46', 19),
(226, 'Dudhouli', '2023-05-17 00:04:46', '2023-05-17 00:04:46', 20),
(227, 'Ghanglekh', '2023-05-17 00:04:46', '2023-05-17 00:04:46', 20),
(228, 'Golanjor', '2023-05-17 00:04:46', '2023-05-17 00:04:46', 20),
(229, 'Hariharpurgadhi', '2023-05-17 00:04:46', '2023-05-17 00:04:46', 20),
(230, 'Kamalamai', '2023-05-17 00:04:47', '2023-05-17 00:04:47', 20),
(231, 'Marin', '2023-05-17 00:04:47', '2023-05-17 00:04:47', 20),
(232, 'Phikkal', '2023-05-17 00:04:47', '2023-05-17 00:04:47', 20),
(233, 'Sunkoshi', '2023-05-17 00:04:47', '2023-05-17 00:04:47', 20),
(234, 'Tinpatan', '2023-05-17 00:04:47', '2023-05-17 00:04:47', 20),
(235, 'Doramba', '2023-05-17 00:04:48', '2023-05-17 00:04:48', 21),
(236, 'Gokulganga', '2023-05-17 00:04:48', '2023-05-17 00:04:48', 21),
(237, 'Khadadevi', '2023-05-17 00:04:48', '2023-05-17 00:04:48', 21),
(238, 'Likhu', '2023-05-17 00:04:48', '2023-05-17 00:04:48', 21),
(239, 'Manthali', '2023-05-17 00:04:49', '2023-05-17 00:04:49', 21),
(240, 'Ramechhap', '2023-05-17 00:04:49', '2023-05-17 00:04:49', 21),
(241, 'Sunapati', '2023-05-17 00:04:49', '2023-05-17 00:04:49', 21),
(242, 'Umakunda', '2023-05-17 00:04:49', '2023-05-17 00:04:49', 21),
(243, 'Baiteshwor', '2023-05-17 00:04:49', '2023-05-17 00:04:49', 22),
(244, 'Bhimeshwor', '2023-05-17 00:04:50', '2023-05-17 00:04:50', 22),
(245, 'Bigu', '2023-05-17 00:04:50', '2023-05-17 00:04:50', 22),
(246, 'Gaurishankar', '2023-05-17 00:04:50', '2023-05-17 00:04:50', 22),
(247, 'Jiri', '2023-05-17 00:04:50', '2023-05-17 00:04:50', 22),
(248, 'Kalinchok', '2023-05-17 00:04:50', '2023-05-17 00:04:50', 22),
(249, 'Melung', '2023-05-17 00:04:51', '2023-05-17 00:04:51', 22),
(250, 'Sailung', '2023-05-17 00:04:51', '2023-05-17 00:04:51', 22),
(251, 'Tamakoshi', '2023-05-17 00:04:51', '2023-05-17 00:04:51', 22),
(252, 'Balefi', '2023-05-17 00:04:51', '2023-05-17 00:04:51', 23),
(253, 'Barhabise', '2023-05-17 00:04:52', '2023-05-17 00:04:52', 23),
(254, 'Bhotekoshi', '2023-05-17 00:04:52', '2023-05-17 00:04:52', 23),
(255, 'Chautara SangachokGadhi', '2023-05-17 00:04:52', '2023-05-17 00:04:52', 23),
(256, 'Helambu', '2023-05-17 00:04:52', '2023-05-17 00:04:52', 23),
(257, 'Indrawati', '2023-05-17 00:04:52', '2023-05-17 00:04:52', 23),
(258, 'Jugal', '2023-05-17 00:04:53', '2023-05-17 00:04:53', 23),
(259, 'Lisangkhu Pakhar', '2023-05-17 00:04:53', '2023-05-17 00:04:53', 23),
(260, 'Melamchi', '2023-05-17 00:04:53', '2023-05-17 00:04:53', 23),
(261, 'Panchpokhari Thangpal', '2023-05-17 00:04:53', '2023-05-17 00:04:53', 23),
(262, 'Sunkoshi', '2023-05-17 00:04:53', '2023-05-17 00:04:53', 23),
(263, 'Tripurasundari', '2023-05-17 00:04:54', '2023-05-17 00:04:54', 23),
(264, 'Banepa', '2023-05-17 00:04:54', '2023-05-17 00:04:54', 24),
(265, 'Bethanchowk', '2023-05-17 00:04:54', '2023-05-17 00:04:54', 24),
(266, 'Bhumlu', '2023-05-17 00:04:55', '2023-05-17 00:04:55', 24),
(267, 'Chaurideurali', '2023-05-17 00:04:55', '2023-05-17 00:04:55', 24),
(268, 'Dhulikhel', '2023-05-17 00:04:55', '2023-05-17 00:04:55', 24),
(269, 'Khanikhola', '2023-05-17 00:04:55', '2023-05-17 00:04:55', 24),
(270, 'Mahabharat', '2023-05-17 00:04:55', '2023-05-17 00:04:55', 24),
(271, 'Mandandeupur', '2023-05-17 00:04:56', '2023-05-17 00:04:56', 24),
(272, 'Namobuddha', '2023-05-17 00:04:56', '2023-05-17 00:04:56', 24),
(273, 'Panauti', '2023-05-17 00:04:56', '2023-05-17 00:04:56', 24),
(274, 'Panchkhal', '2023-05-17 00:04:56', '2023-05-17 00:04:56', 24),
(275, 'Roshi', '2023-05-17 00:04:56', '2023-05-17 00:04:56', 24),
(276, 'Temal', '2023-05-17 00:04:57', '2023-05-17 00:04:57', 24),
(277, 'Bagmati', '2023-05-17 00:04:57', '2023-05-17 00:04:57', 25),
(278, 'Godawari', '2023-05-17 00:04:57', '2023-05-17 00:04:57', 25),
(279, 'Konjyosom', '2023-05-17 00:04:57', '2023-05-17 00:04:57', 25),
(280, 'Lalitpur', '2023-05-17 00:04:58', '2023-05-17 00:04:58', 25),
(281, 'Mahalaxmi', '2023-05-17 00:04:58', '2023-05-17 00:04:58', 25),
(282, 'Mahankal', '2023-05-17 00:04:58', '2023-05-17 00:04:58', 25),
(283, 'Bhaktapur', '2023-05-17 00:04:58', '2023-05-17 00:04:58', 26),
(284, 'Changunarayan', '2023-05-17 00:04:58', '2023-05-17 00:04:58', 26),
(285, 'Madhyapur Thimi', '2023-05-17 00:04:59', '2023-05-17 00:04:59', 26),
(286, 'Suryabinayak', '2023-05-17 00:04:59', '2023-05-17 00:04:59', 26),
(287, 'Budhanilakantha', '2023-05-17 00:04:59', '2023-05-17 00:04:59', 27),
(288, 'Chandragiri', '2023-05-17 00:04:59', '2023-05-17 00:04:59', 27),
(289, 'Dakshinkali', '2023-05-17 00:04:59', '2023-05-17 00:04:59', 27),
(290, 'Gokarneshwor', '2023-05-17 00:05:00', '2023-05-17 00:05:00', 27),
(291, 'Kageshwori Manahora', '2023-05-17 00:05:00', '2023-05-17 00:05:00', 27),
(292, 'Kathmandu', '2023-05-17 00:05:00', '2023-05-17 00:05:00', 27),
(293, 'Kirtipur', '2023-05-17 00:05:00', '2023-05-17 00:05:00', 27),
(294, 'Nagarjun', '2023-05-17 00:05:01', '2023-05-17 00:05:01', 27),
(295, 'Shankharapur', '2023-05-17 00:05:01', '2023-05-17 00:05:01', 27),
(296, 'Tarakeshwor', '2023-05-17 00:05:01', '2023-05-17 00:05:01', 27),
(297, 'Tokha', '2023-05-17 00:05:01', '2023-05-17 00:05:01', 27),
(298, 'Belkotgadhi', '2023-05-17 00:05:01', '2023-05-17 00:05:01', 28),
(299, 'Bidur', '2023-05-17 00:05:02', '2023-05-17 00:05:02', 28),
(300, 'Dupcheshwar', '2023-05-17 00:05:02', '2023-05-17 00:05:02', 28),
(301, 'Kakani', '2023-05-17 00:05:02', '2023-05-17 00:05:02', 28),
(302, 'Kispang', '2023-05-17 00:05:02', '2023-05-17 00:05:02', 28),
(303, 'Likhu', '2023-05-17 00:05:02', '2023-05-17 00:05:02', 28),
(304, 'Meghang', '2023-05-17 00:05:03', '2023-05-17 00:05:03', 28),
(305, 'Panchakanya', '2023-05-17 00:05:03', '2023-05-17 00:05:03', 28),
(306, 'Shivapuri', '2023-05-17 00:05:03', '2023-05-17 00:05:03', 28),
(307, 'Suryagadhi', '2023-05-17 00:05:03', '2023-05-17 00:05:03', 28),
(308, 'Tadi', '2023-05-17 00:05:03', '2023-05-17 00:05:03', 28),
(309, 'Tarkeshwar', '2023-05-17 00:05:04', '2023-05-17 00:05:04', 28),
(310, 'Gosaikunda', '2023-05-17 00:05:04', '2023-05-17 00:05:04', 29),
(311, 'Kalika', '2023-05-17 00:05:04', '2023-05-17 00:05:04', 29),
(312, 'Naukunda', '2023-05-17 00:05:04', '2023-05-17 00:05:04', 29),
(313, 'Parbati Kunda', '2023-05-17 00:05:05', '2023-05-17 00:05:05', 29),
(314, 'Uttargaya', '2023-05-17 00:05:05', '2023-05-17 00:05:05', 29),
(315, 'Benighat Rorang', '2023-05-17 00:05:05', '2023-05-17 00:05:05', 30),
(316, 'Dhunibesi', '2023-05-17 00:05:05', '2023-05-17 00:05:05', 30),
(317, 'Gajuri', '2023-05-17 00:05:05', '2023-05-17 00:05:05', 30),
(318, 'Galchi', '2023-05-17 00:05:06', '2023-05-17 00:05:06', 30),
(319, 'Gangajamuna', '2023-05-17 00:05:06', '2023-05-17 00:05:06', 30),
(320, 'Jwalamukhi', '2023-05-17 00:05:06', '2023-05-17 00:05:06', 30),
(321, 'Khaniyabash', '2023-05-17 00:05:06', '2023-05-17 00:05:06', 30),
(322, 'Netrawati', '2023-05-17 00:05:06', '2023-05-17 00:05:06', 30),
(323, 'Nilakantha', '2023-05-17 00:05:07', '2023-05-17 00:05:07', 30),
(324, 'Rubi Valley', '2023-05-17 00:05:07', '2023-05-17 00:05:07', 30),
(325, 'Siddhalek', '2023-05-17 00:05:07', '2023-05-17 00:05:07', 30),
(326, 'Thakre', '2023-05-17 00:05:07', '2023-05-17 00:05:07', 30),
(327, 'Tripura Sundari', '2023-05-17 00:05:08', '2023-05-17 00:05:08', 30),
(328, 'Bagmati', '2023-05-17 00:05:08', '2023-05-17 00:05:08', 31),
(329, 'Bakaiya', '2023-05-17 00:05:08', '2023-05-17 00:05:08', 31),
(330, 'Bhimphedi', '2023-05-17 00:05:08', '2023-05-17 00:05:08', 31),
(331, 'Hetauda', '2023-05-17 00:05:08', '2023-05-17 00:05:08', 31),
(332, 'Indrasarowar', '2023-05-17 00:05:09', '2023-05-17 00:05:09', 31),
(333, 'Kailash', '2023-05-17 00:05:09', '2023-05-17 00:05:09', 31),
(334, 'Makawanpurgadhi', '2023-05-17 00:05:09', '2023-05-17 00:05:09', 31),
(335, 'Manahari', '2023-05-17 00:05:09', '2023-05-17 00:05:09', 31),
(336, 'Raksirang', '2023-05-17 00:05:09', '2023-05-17 00:05:09', 31),
(337, 'Thaha', '2023-05-17 00:05:10', '2023-05-17 00:05:10', 31),
(338, 'Baudhimai', '2023-05-17 00:05:10', '2023-05-17 00:05:10', 32),
(339, 'Brindaban', '2023-05-17 00:05:10', '2023-05-17 00:05:10', 32),
(340, 'Chandrapur', '2023-05-17 00:05:10', '2023-05-17 00:05:10', 32),
(341, 'Dewahhi Gonahi', '2023-05-17 00:05:10', '2023-05-17 00:05:10', 32),
(342, 'Durga Bhagwati', '2023-05-17 00:05:11', '2023-05-17 00:05:11', 32),
(343, 'Gadhimai', '2023-05-17 00:05:11', '2023-05-17 00:05:11', 32),
(344, 'Garuda', '2023-05-17 00:05:11', '2023-05-17 00:05:11', 32),
(345, 'Gaur', '2023-05-17 00:05:11', '2023-05-17 00:05:11', 32),
(346, 'Gujara', '2023-05-17 00:05:12', '2023-05-17 00:05:12', 32),
(347, 'Ishanath', '2023-05-17 00:05:12', '2023-05-17 00:05:12', 32),
(348, 'Katahariya', '2023-05-17 00:05:12', '2023-05-17 00:05:12', 32),
(349, 'Madhav Narayan', '2023-05-17 00:05:12', '2023-05-17 00:05:12', 32),
(350, 'Maulapur', '2023-05-17 00:05:12', '2023-05-17 00:05:12', 32),
(351, 'Paroha', '2023-05-17 00:05:13', '2023-05-17 00:05:13', 32),
(352, 'Phatuwa Bijayapur', '2023-05-17 00:05:13', '2023-05-17 00:05:13', 32),
(353, 'Rajdevi', '2023-05-17 00:05:13', '2023-05-17 00:05:13', 32),
(354, 'Rajpur', '2023-05-17 00:05:13', '2023-05-17 00:05:13', 32),
(355, 'Yemunamai', '2023-05-17 00:05:13', '2023-05-17 00:05:13', 32),
(356, 'Adarshkotwal', '2023-05-17 00:05:14', '2023-05-17 00:05:14', 33),
(357, 'Baragadhi', '2023-05-17 00:05:14', '2023-05-17 00:05:14', 33),
(358, 'Bishrampur', '2023-05-17 00:05:14', '2023-05-17 00:05:14', 33),
(359, 'Devtal', '2023-05-17 00:05:14', '2023-05-17 00:05:14', 33),
(360, 'Jitpur Simara', '2023-05-17 00:05:15', '2023-05-17 00:05:15', 33),
(361, 'Kalaiya', '2023-05-17 00:05:15', '2023-05-17 00:05:15', 33),
(362, 'Karaiyamai', '2023-05-17 00:05:15', '2023-05-17 00:05:15', 33),
(363, 'Kolhabi', '2023-05-17 00:05:15', '2023-05-17 00:05:15', 33),
(364, 'Mahagadhimai', '2023-05-17 00:05:15', '2023-05-17 00:05:15', 33),
(365, 'Nijgadh', '2023-05-17 00:05:16', '2023-05-17 00:05:16', 33),
(366, 'Pacharauta', '2023-05-17 00:05:16', '2023-05-17 00:05:16', 33),
(367, 'Parwanipur', '2023-05-17 00:05:16', '2023-05-17 00:05:16', 33),
(368, 'Pheta', '2023-05-17 00:05:16', '2023-05-17 00:05:16', 33),
(369, 'Prasauni', '2023-05-17 00:05:16', '2023-05-17 00:05:16', 33),
(370, 'Simraungadh', '2023-05-17 00:05:17', '2023-05-17 00:05:17', 33),
(371, 'Suwarna', '2023-05-17 00:05:17', '2023-05-17 00:05:17', 33),
(372, 'Bahudaramai', '2023-05-17 00:05:17', '2023-05-17 00:05:17', 34),
(373, 'Bindabasini', '2023-05-17 00:05:17', '2023-05-17 00:05:17', 34),
(374, 'Birgunj', '2023-05-17 00:05:18', '2023-05-17 00:05:18', 34),
(375, 'Chhipaharmai', '2023-05-17 00:05:18', '2023-05-17 00:05:18', 34),
(376, 'Dhobini', '2023-05-17 00:05:18', '2023-05-17 00:05:18', 34),
(377, 'Jagarnathpur', '2023-05-17 00:05:18', '2023-05-17 00:05:18', 34),
(378, 'Jirabhawani', '2023-05-17 00:05:18', '2023-05-17 00:05:18', 34),
(379, 'Kalikamai', '2023-05-17 00:05:19', '2023-05-17 00:05:19', 34),
(380, 'Pakahamainpur', '2023-05-17 00:05:19', '2023-05-17 00:05:19', 34),
(381, 'Parsagadhi', '2023-05-17 00:05:19', '2023-05-17 00:05:19', 34),
(382, 'Paterwasugauli', '2023-05-17 00:05:19', '2023-05-17 00:05:19', 34),
(383, 'Pokhariya', '2023-05-17 00:05:19', '2023-05-17 00:05:19', 34),
(384, 'SakhuwaPrasauni', '2023-05-17 00:05:20', '2023-05-17 00:05:20', 34),
(385, 'Thori', '2023-05-17 00:05:20', '2023-05-17 00:05:20', 34),
(386, 'Bharatpur', '2023-05-17 00:05:20', '2023-05-17 00:05:20', 35),
(387, 'Ichchhyakamana', '2023-05-17 00:05:20', '2023-05-17 00:05:20', 35),
(388, 'Kalika', '2023-05-17 00:05:20', '2023-05-17 00:05:20', 35),
(389, 'Khairahani', '2023-05-17 00:05:21', '2023-05-17 00:05:21', 35),
(390, 'Madi', '2023-05-17 00:05:21', '2023-05-17 00:05:21', 35),
(391, 'Rapti', '2023-05-17 00:05:21', '2023-05-17 00:05:21', 35),
(392, 'Ratnanagar', '2023-05-17 00:05:21', '2023-05-17 00:05:21', 35),
(393, 'Aarughat', '2023-05-17 00:05:22', '2023-05-17 00:05:22', 36),
(394, 'Ajirkot', '2023-05-17 00:05:22', '2023-05-17 00:05:22', 36),
(395, 'Bhimsen', '2023-05-17 00:05:22', '2023-05-17 00:05:22', 36),
(396, 'Chum Nubri', '2023-05-17 00:05:22', '2023-05-17 00:05:22', 36),
(397, 'Dharche', '2023-05-17 00:05:22', '2023-05-17 00:05:22', 36),
(398, 'Gandaki', '2023-05-17 00:05:23', '2023-05-17 00:05:23', 36),
(399, 'Gorkha', '2023-05-17 00:05:23', '2023-05-17 00:05:23', 36),
(400, 'Palungtar', '2023-05-17 00:05:23', '2023-05-17 00:05:23', 36),
(401, 'Sahid Lakhan', '2023-05-17 00:05:23', '2023-05-17 00:05:23', 36),
(402, 'Siranchok', '2023-05-17 00:05:23', '2023-05-17 00:05:23', 36),
(403, 'Sulikot', '2023-05-17 00:05:24', '2023-05-17 00:05:24', 36),
(404, 'Besishahar', '2023-05-17 00:05:24', '2023-05-17 00:05:24', 37),
(405, 'Dordi', '2023-05-17 00:05:24', '2023-05-17 00:05:24', 37),
(406, 'Dudhpokhari', '2023-05-17 00:05:24', '2023-05-17 00:05:24', 37),
(407, 'Kwholasothar', '2023-05-17 00:05:25', '2023-05-17 00:05:25', 37),
(408, 'MadhyaNepal', '2023-05-17 00:05:25', '2023-05-17 00:05:25', 37),
(409, 'Marsyangdi', '2023-05-17 00:05:25', '2023-05-17 00:05:25', 37),
(410, 'Rainas', '2023-05-17 00:05:25', '2023-05-17 00:05:25', 37),
(411, 'Sundarbazar', '2023-05-17 00:05:26', '2023-05-17 00:05:26', 37),
(412, 'Anbukhaireni', '2023-05-17 00:05:26', '2023-05-17 00:05:26', 38),
(413, 'Bandipur', '2023-05-17 00:05:26', '2023-05-17 00:05:26', 38),
(414, 'Bhanu', '2023-05-17 00:05:26', '2023-05-17 00:05:26', 38),
(415, 'Bhimad', '2023-05-17 00:05:26', '2023-05-17 00:05:26', 38),
(416, 'Byas', '2023-05-17 00:05:27', '2023-05-17 00:05:27', 38),
(417, 'Devghat', '2023-05-17 00:05:27', '2023-05-17 00:05:27', 38),
(418, 'Ghiring', '2023-05-17 00:05:27', '2023-05-17 00:05:27', 38),
(419, 'Myagde', '2023-05-17 00:05:27', '2023-05-17 00:05:27', 38),
(420, 'Rhishing', '2023-05-17 00:05:28', '2023-05-17 00:05:28', 38),
(421, 'Shuklagandaki', '2023-05-17 00:05:28', '2023-05-17 00:05:28', 38),
(422, 'Aandhikhola', '2023-05-17 00:05:28', '2023-05-17 00:05:28', 39),
(423, 'Arjunchaupari', '2023-05-17 00:05:28', '2023-05-17 00:05:28', 39),
(424, 'Bhirkot', '2023-05-17 00:05:28', '2023-05-17 00:05:28', 39),
(425, 'Biruwa', '2023-05-17 00:05:29', '2023-05-17 00:05:29', 39),
(426, 'Chapakot', '2023-05-17 00:05:29', '2023-05-17 00:05:29', 39),
(427, 'Galyang', '2023-05-17 00:05:29', '2023-05-17 00:05:29', 39),
(428, 'Harinas', '2023-05-17 00:05:29', '2023-05-17 00:05:29', 39),
(429, 'Kaligandagi', '2023-05-17 00:05:29', '2023-05-17 00:05:29', 39),
(430, 'Phedikhola', '2023-05-17 00:05:30', '2023-05-17 00:05:30', 39),
(431, 'Putalibazar', '2023-05-17 00:05:30', '2023-05-17 00:05:30', 39),
(432, 'Waling', '2023-05-17 00:05:30', '2023-05-17 00:05:30', 39),
(433, 'Annapurna', '2023-05-17 00:05:30', '2023-05-17 00:05:30', 40),
(434, 'Machhapuchchhre', '2023-05-17 00:05:30', '2023-05-17 00:05:30', 40),
(435, 'Madi', '2023-05-17 00:05:31', '2023-05-17 00:05:31', 40),
(436, 'Pokhara Lekhnath', '2023-05-17 00:05:31', '2023-05-17 00:05:31', 40),
(437, 'Rupa', '2023-05-17 00:05:31', '2023-05-17 00:05:31', 40),
(438, 'Chame', '2023-05-17 00:05:31', '2023-05-17 00:05:31', 41),
(439, 'Narphu', '2023-05-17 00:05:32', '2023-05-17 00:05:32', 41),
(440, 'Nashong', '2023-05-17 00:05:32', '2023-05-17 00:05:32', 41),
(441, 'Neshyang', '2023-05-17 00:05:32', '2023-05-17 00:05:32', 41),
(442, 'Barhagaun Muktikhsetra', '2023-05-17 00:05:32', '2023-05-17 00:05:32', 42),
(443, 'Dalome', '2023-05-17 00:05:32', '2023-05-17 00:05:32', 42),
(444, 'Gharapjhong', '2023-05-17 00:05:33', '2023-05-17 00:05:33', 42),
(445, 'Lomanthang', '2023-05-17 00:05:33', '2023-05-17 00:05:33', 42),
(446, 'Thasang', '2023-05-17 00:05:33', '2023-05-17 00:05:33', 42),
(447, 'Annapurna', '2023-05-17 00:05:33', '2023-05-17 00:05:33', 43),
(448, 'Beni', '2023-05-17 00:05:33', '2023-05-17 00:05:33', 43),
(449, 'Dhaulagiri', '2023-05-17 00:05:34', '2023-05-17 00:05:34', 43),
(450, 'Malika', '2023-05-17 00:05:34', '2023-05-17 00:05:34', 43),
(451, 'Mangala', '2023-05-17 00:05:34', '2023-05-17 00:05:34', 43),
(452, 'Raghuganga', '2023-05-17 00:05:34', '2023-05-17 00:05:34', 43),
(453, 'Bihadi', '2023-05-17 00:05:35', '2023-05-17 00:05:35', 44),
(454, 'Jaljala', '2023-05-17 00:05:35', '2023-05-17 00:05:35', 44),
(455, 'Kushma', '2023-05-17 00:05:35', '2023-05-17 00:05:35', 44),
(456, 'Mahashila', '2023-05-17 00:05:35', '2023-05-17 00:05:35', 44),
(457, 'Modi', '2023-05-17 00:05:35', '2023-05-17 00:05:35', 44),
(458, 'Painyu', '2023-05-17 00:05:36', '2023-05-17 00:05:36', 44),
(459, 'Phalebas', '2023-05-17 00:05:36', '2023-05-17 00:05:36', 44),
(460, 'Badigad', '2023-05-17 00:05:36', '2023-05-17 00:05:36', 45),
(461, 'Baglung', '2023-05-17 00:05:36', '2023-05-17 00:05:36', 45),
(462, 'Bareng', '2023-05-17 00:05:36', '2023-05-17 00:05:36', 45),
(463, 'Dhorpatan', '2023-05-17 00:05:37', '2023-05-17 00:05:37', 45),
(464, 'Galkot', '2023-05-17 00:05:37', '2023-05-17 00:05:37', 45),
(465, 'Jaimuni', '2023-05-17 00:05:37', '2023-05-17 00:05:37', 45),
(466, 'Kanthekhola', '2023-05-17 00:05:37', '2023-05-17 00:05:37', 45),
(467, 'Nisikhola', '2023-05-17 00:05:37', '2023-05-17 00:05:37', 45),
(468, 'Taman Khola', '2023-05-17 00:05:38', '2023-05-17 00:05:38', 45),
(469, 'Tara Khola', '2023-05-17 00:05:38', '2023-05-17 00:05:38', 45),
(470, 'Chandrakot', '2023-05-17 00:05:38', '2023-05-17 00:05:38', 46),
(471, 'Chatrakot', '2023-05-17 00:05:38', '2023-05-17 00:05:38', 46),
(472, 'Dhurkot', '2023-05-17 00:05:39', '2023-05-17 00:05:39', 46),
(473, 'Gulmidarbar', '2023-05-17 00:05:39', '2023-05-17 00:05:39', 46),
(474, 'Isma', '2023-05-17 00:05:39', '2023-05-17 00:05:39', 46),
(475, 'Kaligandaki', '2023-05-17 00:05:39', '2023-05-17 00:05:39', 46),
(476, 'Madane', '2023-05-17 00:05:39', '2023-05-17 00:05:39', 46),
(477, 'Malika', '2023-05-17 00:05:40', '2023-05-17 00:05:40', 46),
(478, 'Musikot', '2023-05-17 00:05:40', '2023-05-17 00:05:40', 46),
(479, 'Resunga', '2023-05-17 00:05:40', '2023-05-17 00:05:40', 46),
(480, 'Ruru', '2023-05-17 00:05:40', '2023-05-17 00:05:40', 46),
(481, 'Satyawati', '2023-05-17 00:05:40', '2023-05-17 00:05:40', 46),
(482, 'Bagnaskali', '2023-05-17 00:05:41', '2023-05-17 00:05:41', 47),
(483, 'Mathagadhi', '2023-05-17 00:05:41', '2023-05-17 00:05:41', 47),
(484, 'Nisdi', '2023-05-17 00:05:41', '2023-05-17 00:05:41', 47),
(485, 'Purbakhola', '2023-05-17 00:05:41', '2023-05-17 00:05:41', 47),
(486, 'Rainadevi Chhahara', '2023-05-17 00:05:42', '2023-05-17 00:05:42', 47),
(487, 'Rambha', '2023-05-17 00:05:42', '2023-05-17 00:05:42', 47),
(488, 'Rampur', '2023-05-17 00:05:42', '2023-05-17 00:05:42', 47),
(489, 'Ribdikot', '2023-05-17 00:05:42', '2023-05-17 00:05:42', 47),
(490, 'Tansen', '2023-05-17 00:05:42', '2023-05-17 00:05:42', 47),
(491, 'Tinau', '2023-05-17 00:05:43', '2023-05-17 00:05:43', 47),
(492, 'Bardaghat', '2023-05-17 00:05:43', '2023-05-17 00:05:43', 48),
(493, 'Palhi Nandan', '2023-05-17 00:05:43', '2023-05-17 00:05:43', 48),
(494, 'Pratappur', '2023-05-17 00:05:43', '2023-05-17 00:05:43', 48),
(495, 'Ramgram', '2023-05-17 00:05:43', '2023-05-17 00:05:43', 48),
(496, 'Sarawal', '2023-05-17 00:05:44', '2023-05-17 00:05:44', 48),
(497, 'Sunwal', '2023-05-17 00:05:44', '2023-05-17 00:05:44', 48),
(498, 'Susta', '2023-05-17 00:05:44', '2023-05-17 00:05:44', 48),
(499, 'Butwal', '2023-05-17 00:05:44', '2023-05-17 00:05:44', 49),
(500, 'Devdaha', '2023-05-17 00:05:45', '2023-05-17 00:05:45', 49),
(501, 'Gaidahawa', '2023-05-17 00:05:45', '2023-05-17 00:05:45', 49),
(502, 'Kanchan', '2023-05-17 00:05:45', '2023-05-17 00:05:45', 49),
(503, 'Kotahimai', '2023-05-17 00:05:45', '2023-05-17 00:05:45', 49),
(504, 'Lumbini Sanskritik', '2023-05-17 00:05:45', '2023-05-17 00:05:45', 49),
(505, 'Marchawari', '2023-05-17 00:05:46', '2023-05-17 00:05:46', 49),
(506, 'Mayadevi', '2023-05-17 00:05:46', '2023-05-17 00:05:46', 49),
(507, 'Omsatiya', '2023-05-17 00:05:46', '2023-05-17 00:05:46', 49),
(508, 'Rohini', '2023-05-17 00:05:46', '2023-05-17 00:05:46', 49),
(509, 'Sainamaina', '2023-05-17 00:05:46', '2023-05-17 00:05:46', 49),
(510, 'Sammarimai', '2023-05-17 00:05:47', '2023-05-17 00:05:47', 49),
(511, 'Siddharthanagar', '2023-05-17 00:05:47', '2023-05-17 00:05:47', 49),
(512, 'Siyari', '2023-05-17 00:05:47', '2023-05-17 00:05:47', 49),
(513, 'Sudhdhodhan', '2023-05-17 00:05:47', '2023-05-17 00:05:47', 49),
(514, 'Tillotama', '2023-05-17 00:05:47', '2023-05-17 00:05:47', 49),
(515, 'Banganga', '2023-05-17 00:05:48', '2023-05-17 00:05:48', 50),
(516, 'Bijayanagar', '2023-05-17 00:05:48', '2023-05-17 00:05:48', 50),
(517, 'Buddhabhumi', '2023-05-17 00:05:48', '2023-05-17 00:05:48', 50),
(518, 'Kapilbastu', '2023-05-17 00:05:48', '2023-05-17 00:05:48', 50),
(519, 'Krishnanagar', '2023-05-17 00:05:49', '2023-05-17 00:05:49', 50),
(520, 'Maharajgunj', '2023-05-17 00:05:49', '2023-05-17 00:05:49', 50),
(521, 'Mayadevi', '2023-05-17 00:05:49', '2023-05-17 00:05:49', 50),
(522, 'Shivaraj', '2023-05-17 00:05:49', '2023-05-17 00:05:49', 50),
(523, 'Suddhodhan', '2023-05-17 00:05:49', '2023-05-17 00:05:49', 50),
(524, 'Yashodhara', '2023-05-17 00:05:50', '2023-05-17 00:05:50', 50),
(525, 'Bhumekasthan', '2023-05-17 00:05:50', '2023-05-17 00:05:50', 51),
(526, 'Chhatradev', '2023-05-17 00:05:50', '2023-05-17 00:05:50', 51),
(527, 'Malarani', '2023-05-17 00:05:50', '2023-05-17 00:05:50', 51),
(528, 'Panini', '2023-05-17 00:05:50', '2023-05-17 00:05:50', 51),
(529, 'Sandhikharka', '2023-05-17 00:05:51', '2023-05-17 00:05:51', 51),
(530, 'Sitganga', '2023-05-17 00:05:51', '2023-05-17 00:05:51', 51),
(531, 'Ayirabati', '2023-05-17 00:05:51', '2023-05-17 00:05:51', 52),
(532, 'Gaumukhi', '2023-05-17 00:05:51', '2023-05-17 00:05:51', 52),
(533, 'Jhimruk', '2023-05-17 00:05:51', '2023-05-17 00:05:51', 52),
(534, 'Mallarani', '2023-05-17 00:05:52', '2023-05-17 00:05:52', 52),
(535, 'Mandavi', '2023-05-17 00:05:52', '2023-05-17 00:05:52', 52),
(536, 'Naubahini', '2023-05-17 00:05:52', '2023-05-17 00:05:52', 52),
(537, 'Pyuthan', '2023-05-17 00:05:52', '2023-05-17 00:05:52', 52),
(538, 'Sarumarani', '2023-05-17 00:05:53', '2023-05-17 00:05:53', 52),
(539, 'Sworgadwary', '2023-05-17 00:05:53', '2023-05-17 00:05:53', 52),
(540, 'Duikholi', '2023-05-17 00:05:53', '2023-05-17 00:05:53', 53),
(541, 'Lungri', '2023-05-17 00:05:53', '2023-05-17 00:05:53', 53),
(542, 'Madi', '2023-05-17 00:05:53', '2023-05-17 00:05:53', 53),
(543, 'Rolpa', '2023-05-17 00:05:54', '2023-05-17 00:05:54', 53),
(544, 'Runtigadi', '2023-05-17 00:05:54', '2023-05-17 00:05:54', 53),
(545, 'Sukidaha', '2023-05-17 00:05:54', '2023-05-17 00:05:54', 53),
(546, 'Sunchhahari', '2023-05-17 00:05:54', '2023-05-17 00:05:54', 53),
(547, 'Suwarnabati', '2023-05-17 00:05:54', '2023-05-17 00:05:54', 53),
(548, 'Thawang', '2023-05-17 00:05:55', '2023-05-17 00:05:55', 53),
(549, 'Tribeni', '2023-05-17 00:05:55', '2023-05-17 00:05:55', 53),
(550, 'Aathbiskot', '2023-05-17 00:05:55', '2023-05-17 00:05:55', 54),
(551, 'Banfikot', '2023-05-17 00:05:55', '2023-05-17 00:05:55', 54),
(552, 'Chaurjahari', '2023-05-17 00:05:56', '2023-05-17 00:05:56', 54),
(553, 'Musikot', '2023-05-17 00:05:56', '2023-05-17 00:05:56', 54),
(554, 'Sani Bheri', '2023-05-17 00:05:56', '2023-05-17 00:05:56', 54),
(555, 'Tribeni', '2023-05-17 00:05:56', '2023-05-17 00:05:56', 54),
(556, 'Bagchaur', '2023-05-17 00:05:57', '2023-05-17 00:05:57', 55),
(557, 'Bangad Kupinde', '2023-05-17 00:05:57', '2023-05-17 00:05:57', 55),
(558, 'Chhatreshwori', '2023-05-17 00:05:57', '2023-05-17 00:05:57', 55),
(559, 'Darma', '2023-05-17 00:05:57', '2023-05-17 00:05:57', 55),
(560, 'Dhorchaur', '2023-05-17 00:05:57', '2023-05-17 00:05:57', 55),
(561, 'Kalimati', '2023-05-17 00:05:58', '2023-05-17 00:05:58', 55),
(562, 'Kapurkot', '2023-05-17 00:05:58', '2023-05-17 00:05:58', 55),
(563, 'Kumakhmalika', '2023-05-17 00:05:58', '2023-05-17 00:05:58', 55),
(564, 'Sharada', '2023-05-17 00:05:58', '2023-05-17 00:05:58', 55),
(565, 'Tribeni', '2023-05-17 00:05:58', '2023-05-17 00:05:58', 55),
(566, 'Babai', '2023-05-17 00:05:59', '2023-05-17 00:05:59', 56),
(567, 'Banglachuli', '2023-05-17 00:05:59', '2023-05-17 00:05:59', 56),
(568, 'Dangisharan', '2023-05-17 00:05:59', '2023-05-17 00:05:59', 56),
(569, 'Gadhawa', '2023-05-17 00:05:59', '2023-05-17 00:05:59', 56),
(570, 'Ghorahi', '2023-05-17 00:06:00', '2023-05-17 00:06:00', 56),
(571, 'Lamahi', '2023-05-17 00:06:00', '2023-05-17 00:06:00', 56),
(572, 'Rajpur', '2023-05-17 00:06:00', '2023-05-17 00:06:00', 56),
(573, 'Rapti', '2023-05-17 00:06:00', '2023-05-17 00:06:00', 56),
(574, 'Shantinagar', '2023-05-17 00:06:00', '2023-05-17 00:06:00', 56),
(575, 'Tulsipur', '2023-05-17 00:06:01', '2023-05-17 00:06:01', 56),
(576, 'Baijanath', '2023-05-17 00:06:01', '2023-05-17 00:06:01', 57),
(577, 'Duduwa', '2023-05-17 00:06:01', '2023-05-17 00:06:01', 57),
(578, 'Janki', '2023-05-17 00:06:01', '2023-05-17 00:06:01', 57),
(579, 'Khajura', '2023-05-17 00:06:01', '2023-05-17 00:06:01', 57),
(580, 'Kohalpur', '2023-05-17 00:06:02', '2023-05-17 00:06:02', 57),
(581, 'Narainapur', '2023-05-17 00:06:02', '2023-05-17 00:06:02', 57),
(582, 'Nepalgunj', '2023-05-17 00:06:02', '2023-05-17 00:06:02', 57),
(583, 'Rapti Sonari', '2023-05-17 00:06:02', '2023-05-17 00:06:02', 57),
(584, 'Badhaiyatal', '2023-05-17 00:06:03', '2023-05-17 00:06:03', 58),
(585, 'Bansagadhi', '2023-05-17 00:06:03', '2023-05-17 00:06:03', 58),
(586, 'Barbardiya', '2023-05-17 00:06:03', '2023-05-17 00:06:03', 58),
(587, 'Geruwa', '2023-05-17 00:06:03', '2023-05-17 00:06:03', 58),
(588, 'Gulariya', '2023-05-17 00:06:03', '2023-05-17 00:06:03', 58),
(589, 'Madhuwan', '2023-05-17 00:06:04', '2023-05-17 00:06:04', 58),
(590, 'Rajapur', '2023-05-17 00:06:04', '2023-05-17 00:06:04', 58),
(591, 'Thakurbaba', '2023-05-17 00:06:04', '2023-05-17 00:06:04', 58),
(592, 'Barahtal', '2023-05-17 00:06:04', '2023-05-17 00:06:04', 59),
(593, 'Bheriganga', '2023-05-17 00:06:04', '2023-05-17 00:06:04', 59),
(594, 'Birendranagar', '2023-05-17 00:06:05', '2023-05-17 00:06:05', 59),
(595, 'Chaukune', '2023-05-17 00:06:05', '2023-05-17 00:06:05', 59),
(596, 'Chingad', '2023-05-17 00:06:05', '2023-05-17 00:06:05', 59),
(597, 'Gurbhakot', '2023-05-17 00:06:05', '2023-05-17 00:06:05', 59),
(598, 'Lekbeshi', '2023-05-17 00:06:05', '2023-05-17 00:06:05', 59),
(599, 'Panchpuri', '2023-05-17 00:06:06', '2023-05-17 00:06:06', 59),
(600, 'Simta', '2023-05-17 00:06:06', '2023-05-17 00:06:06', 59),
(601, 'Aathabis', '2023-05-17 00:06:06', '2023-05-17 00:06:06', 60),
(602, 'Bhagawatimai', '2023-05-17 00:06:06', '2023-05-17 00:06:06', 60),
(603, 'Bhairabi', '2023-05-17 00:06:07', '2023-05-17 00:06:07', 60),
(604, 'Chamunda Bindrasaini', '2023-05-17 00:06:07', '2023-05-17 00:06:07', 60),
(605, 'Dullu', '2023-05-17 00:06:07', '2023-05-17 00:06:07', 60),
(606, 'Dungeshwor', '2023-05-17 00:06:07', '2023-05-17 00:06:07', 60),
(607, 'Gurans', '2023-05-17 00:06:07', '2023-05-17 00:06:07', 60),
(608, 'Mahabu', '2023-05-17 00:06:08', '2023-05-17 00:06:08', 60),
(609, 'Narayan', '2023-05-17 00:06:08', '2023-05-17 00:06:08', 60),
(610, 'Naumule', '2023-05-17 00:06:08', '2023-05-17 00:06:08', 60),
(611, 'Thantikandh', '2023-05-17 00:06:08', '2023-05-17 00:06:08', 60),
(612, 'Barekot', '2023-05-17 00:06:08', '2023-05-17 00:06:08', 61),
(613, 'Bheri', '2023-05-17 00:06:09', '2023-05-17 00:06:09', 61),
(614, 'Chhedagad', '2023-05-17 00:06:09', '2023-05-17 00:06:09', 61),
(615, 'Junichande', '2023-05-17 00:06:09', '2023-05-17 00:06:09', 61),
(616, 'Kuse', '2023-05-17 00:06:09', '2023-05-17 00:06:09', 61),
(617, 'Shiwalaya', '2023-05-17 00:06:10', '2023-05-17 00:06:10', 61),
(618, 'Tribeni Nalagad', '2023-05-17 00:06:10', '2023-05-17 00:06:10', 61),
(619, 'Chharka Tangsong', '2023-05-17 00:06:10', '2023-05-17 00:06:10', 62),
(620, 'Dolpo Buddha', '2023-05-17 00:06:10', '2023-05-17 00:06:10', 62),
(621, 'Jagadulla', '2023-05-17 00:06:10', '2023-05-17 00:06:10', 62),
(622, 'Kaike', '2023-05-17 00:06:11', '2023-05-17 00:06:11', 62),
(623, 'Mudkechula', '2023-05-17 00:06:11', '2023-05-17 00:06:11', 62),
(624, 'Shey Phoksundo', '2023-05-17 00:06:11', '2023-05-17 00:06:11', 62),
(625, 'Thuli Bheri', '2023-05-17 00:06:11', '2023-05-17 00:06:11', 62),
(626, 'Tripurasundari', '2023-05-17 00:06:11', '2023-05-17 00:06:11', 62),
(627, 'Chandannath', '2023-05-17 00:06:12', '2023-05-17 00:06:12', 63),
(628, 'Guthichaur', '2023-05-17 00:06:12', '2023-05-17 00:06:12', 63),
(629, 'Hima', '2023-05-17 00:06:12', '2023-05-17 00:06:12', 63),
(630, 'Kanakasundari', '2023-05-17 00:06:12', '2023-05-17 00:06:12', 63),
(631, 'Patrasi', '2023-05-17 00:06:12', '2023-05-17 00:06:12', 63),
(632, 'Sinja', '2023-05-17 00:06:13', '2023-05-17 00:06:13', 63),
(633, 'Tatopani', '2023-05-17 00:06:13', '2023-05-17 00:06:13', 63),
(634, 'Tila', '2023-05-17 00:06:13', '2023-05-17 00:06:13', 63),
(635, 'Kalika', '2023-05-17 00:06:13', '2023-05-17 00:06:13', 64),
(636, 'Khandachakra', '2023-05-17 00:06:14', '2023-05-17 00:06:14', 64),
(637, 'Mahawai', '2023-05-17 00:06:14', '2023-05-17 00:06:14', 64),
(638, 'Naraharinath', '2023-05-17 00:06:14', '2023-05-17 00:06:14', 64),
(639, 'Pachaljharana', '2023-05-17 00:06:14', '2023-05-17 00:06:14', 64),
(640, 'Palata', '2023-05-17 00:06:14', '2023-05-17 00:06:14', 64),
(641, 'Raskot', '2023-05-17 00:06:15', '2023-05-17 00:06:15', 64),
(642, 'Sanni Tribeni', '2023-05-17 00:06:15', '2023-05-17 00:06:15', 64),
(643, 'Tilagufa', '2023-05-17 00:06:15', '2023-05-17 00:06:15', 64),
(644, 'Chhayanath Rara', '2023-05-17 00:06:15', '2023-05-17 00:06:15', 65),
(645, 'Khatyad', '2023-05-17 00:06:15', '2023-05-17 00:06:15', 65),
(646, 'Mugum Karmarong', '2023-05-17 00:06:16', '2023-05-17 00:06:16', 65),
(647, 'Soru', '2023-05-17 00:06:16', '2023-05-17 00:06:16', 65),
(648, 'Adanchuli', '2023-05-17 00:06:16', '2023-05-17 00:06:16', 66),
(649, 'Chankheli', '2023-05-17 00:06:16', '2023-05-17 00:06:16', 66),
(650, 'Kharpunath', '2023-05-17 00:06:16', '2023-05-17 00:06:16', 66),
(651, 'Namkha', '2023-05-17 00:06:17', '2023-05-17 00:06:17', 66),
(652, 'Sarkegad', '2023-05-17 00:06:17', '2023-05-17 00:06:17', 66),
(653, 'Simkot', '2023-05-17 00:06:17', '2023-05-17 00:06:17', 66),
(654, 'Tanjakot', '2023-05-17 00:06:17', '2023-05-17 00:06:17', 66),
(655, 'Badimalika', '2023-05-17 00:06:18', '2023-05-17 00:06:18', 67),
(656, 'Budhiganga', '2023-05-17 00:06:18', '2023-05-17 00:06:18', 67),
(657, 'Budhinanda', '2023-05-17 00:06:18', '2023-05-17 00:06:18', 67),
(658, 'Chhededaha', '2023-05-17 00:06:18', '2023-05-17 00:06:18', 67),
(659, 'Gaumul', '2023-05-17 00:06:18', '2023-05-17 00:06:18', 67),
(660, 'Himali', '2023-05-17 00:06:19', '2023-05-17 00:06:19', 67),
(661, 'Pandav Gupha', '2023-05-17 00:06:19', '2023-05-17 00:06:19', 67),
(662, 'Swami Kartik', '2023-05-17 00:06:19', '2023-05-17 00:06:19', 67),
(663, 'Tribeni', '2023-05-17 00:06:19', '2023-05-17 00:06:19', 67),
(664, 'Bithadchir', '2023-05-17 00:06:19', '2023-05-17 00:06:19', 68),
(665, 'Bungal', '2023-05-17 00:06:20', '2023-05-17 00:06:20', 68),
(666, 'Chabispathivera', '2023-05-17 00:06:20', '2023-05-17 00:06:20', 68),
(667, 'Durgathali', '2023-05-17 00:06:20', '2023-05-17 00:06:20', 68),
(668, 'JayaPrithivi', '2023-05-17 00:06:20', '2023-05-17 00:06:20', 68),
(669, 'Kanda', '2023-05-17 00:06:20', '2023-05-17 00:06:20', 68),
(670, 'Kedarseu', '2023-05-17 00:06:21', '2023-05-17 00:06:21', 68),
(671, 'Khaptadchhanna', '2023-05-17 00:06:21', '2023-05-17 00:06:21', 68),
(672, 'Masta', '2023-05-17 00:06:21', '2023-05-17 00:06:21', 68),
(673, 'Surma', '2023-05-17 00:06:21', '2023-05-17 00:06:21', 68),
(674, 'Talkot', '2023-05-17 00:06:22', '2023-05-17 00:06:22', 68),
(675, 'Thalara', '2023-05-17 00:06:22', '2023-05-17 00:06:22', 68),
(676, 'Bannigadhi Jayagadh', '2023-05-17 00:06:22', '2023-05-17 00:06:22', 69),
(677, 'Chaurpati', '2023-05-17 00:06:22', '2023-05-17 00:06:22', 69),
(678, 'Dhakari', '2023-05-17 00:06:22', '2023-05-17 00:06:22', 69),
(679, 'Kamalbazar', '2023-05-17 00:06:23', '2023-05-17 00:06:23', 69),
(680, 'Mangalsen', '2023-05-17 00:06:23', '2023-05-17 00:06:23', 69),
(681, 'Mellekh', '2023-05-17 00:06:23', '2023-05-17 00:06:23', 69),
(682, 'Panchadewal Binayak', '2023-05-17 00:06:23', '2023-05-17 00:06:23', 69),
(683, 'Ramaroshan', '2023-05-17 00:06:23', '2023-05-17 00:06:23', 69),
(684, 'Sanphebagar', '2023-05-17 00:06:24', '2023-05-17 00:06:24', 69),
(685, 'Turmakhad', '2023-05-17 00:06:24', '2023-05-17 00:06:24', 69),
(686, 'Adharsha', '2023-05-17 00:06:24', '2023-05-17 00:06:24', 70),
(687, 'Badikedar', '2023-05-17 00:06:24', '2023-05-17 00:06:24', 70),
(688, 'Bogtan', '2023-05-17 00:06:25', '2023-05-17 00:06:25', 70),
(689, 'Dipayal Silgadi', '2023-05-17 00:06:25', '2023-05-17 00:06:25', 70),
(690, 'Jorayal', '2023-05-17 00:06:25', '2023-05-17 00:06:25', 70),
(691, 'K I Singh', '2023-05-17 00:06:25', '2023-05-17 00:06:25', 70),
(692, 'Purbichauki', '2023-05-17 00:06:25', '2023-05-17 00:06:25', 70),
(693, 'Sayal', '2023-05-17 00:06:26', '2023-05-17 00:06:26', 70),
(694, 'Shikhar', '2023-05-17 00:06:26', '2023-05-17 00:06:26', 70),
(695, 'Bardagoriya', '2023-05-17 00:06:26', '2023-05-17 00:06:26', 71),
(696, 'Bhajani', '2023-05-17 00:06:26', '2023-05-17 00:06:26', 71),
(697, 'Chure', '2023-05-17 00:06:27', '2023-05-17 00:06:27', 71),
(698, 'Dhangadhi', '2023-05-17 00:06:27', '2023-05-17 00:06:27', 71),
(699, 'Gauriganga', '2023-05-17 00:06:27', '2023-05-17 00:06:27', 71),
(700, 'Ghodaghodi', '2023-05-17 00:06:27', '2023-05-17 00:06:27', 71),
(701, 'Godawari', '2023-05-17 00:06:28', '2023-05-17 00:06:28', 71),
(702, 'Janaki', '2023-05-17 00:06:28', '2023-05-17 00:06:28', 71),
(703, 'Joshipur', '2023-05-17 00:06:28', '2023-05-17 00:06:28', 71),
(704, 'Kailari', '2023-05-17 00:06:28', '2023-05-17 00:06:28', 71),
(705, 'Lamkichuha', '2023-05-17 00:06:28', '2023-05-17 00:06:28', 71),
(706, 'Mohanyal', '2023-05-17 00:06:29', '2023-05-17 00:06:29', 71),
(707, 'Tikapur', '2023-05-17 00:06:29', '2023-05-17 00:06:29', 71),
(708, 'Bedkot', '2023-05-17 00:06:29', '2023-05-17 00:06:29', 72),
(709, 'Belauri', '2023-05-17 00:06:29', '2023-05-17 00:06:29', 72),
(710, 'Beldandi', '2023-05-17 00:06:29', '2023-05-17 00:06:29', 72),
(711, 'Bhimdatta', '2023-05-17 00:06:30', '2023-05-17 00:06:30', 72),
(712, 'Krishnapur', '2023-05-17 00:06:30', '2023-05-17 00:06:30', 72),
(713, 'Laljhadi', '2023-05-17 00:06:30', '2023-05-17 00:06:30', 72),
(714, 'Mahakali', '2023-05-17 00:06:30', '2023-05-17 00:06:30', 72),
(715, 'Punarbas', '2023-05-17 00:06:30', '2023-05-17 00:06:30', 72),
(716, 'Shuklaphanta', '2023-05-17 00:06:31', '2023-05-17 00:06:31', 72),
(717, 'Ajaymeru', '2023-05-17 00:06:31', '2023-05-17 00:06:31', 73),
(718, 'Alital', '2023-05-17 00:06:31', '2023-05-17 00:06:31', 73),
(719, 'Amargadhi', '2023-05-17 00:06:31', '2023-05-17 00:06:31', 73),
(720, 'Bhageshwar', '2023-05-17 00:06:32', '2023-05-17 00:06:32', 73),
(721, 'Ganayapdhura', '2023-05-17 00:06:32', '2023-05-17 00:06:32', 73),
(722, 'Nawadurga', '2023-05-17 00:06:32', '2023-05-17 00:06:32', 73),
(723, 'Parashuram', '2023-05-17 00:06:32', '2023-05-17 00:06:32', 73),
(724, 'Dasharathchanda', '2023-05-17 00:06:32', '2023-05-17 00:06:32', 74),
(725, 'Dilasaini', '2023-05-17 00:06:33', '2023-05-17 00:06:33', 74),
(726, 'Dogadakedar', '2023-05-17 00:06:33', '2023-05-17 00:06:33', 74),
(727, 'Melauli', '2023-05-17 00:06:33', '2023-05-17 00:06:33', 74),
(728, 'Pancheshwar', '2023-05-17 00:06:33', '2023-05-17 00:06:33', 74),
(729, 'Patan', '2023-05-17 00:06:33', '2023-05-17 00:06:33', 74),
(730, 'Purchaudi', '2023-05-17 00:06:34', '2023-05-17 00:06:34', 74),
(731, 'Shivanath', '2023-05-17 00:06:34', '2023-05-17 00:06:34', 74),
(732, 'Sigas', '2023-05-17 00:06:34', '2023-05-17 00:06:34', 74),
(733, 'Surnaya', '2023-05-17 00:06:34', '2023-05-17 00:06:34', 74),
(734, 'Apihimal', '2023-05-17 00:06:35', '2023-05-17 00:06:35', 75),
(735, 'Byas', '2023-05-17 00:06:35', '2023-05-17 00:06:35', 75),
(736, 'Dunhu', '2023-05-17 00:06:35', '2023-05-17 00:06:35', 75);
INSERT INTO `municipalities` (`id`, `municipality_name`, `created_at`, `updated_at`, `district_id`) VALUES
(737, 'Lekam', '2023-05-17 00:06:35', '2023-05-17 00:06:35', 75),
(738, 'Mahakali', '2023-05-17 00:06:35', '2023-05-17 00:06:35', 75),
(739, 'Malikaarjun', '2023-05-17 00:06:36', '2023-05-17 00:06:36', 75),
(740, 'Marma', '2023-05-17 00:06:36', '2023-05-17 00:06:36', 75),
(741, 'Naugad', '2023-05-17 00:06:36', '2023-05-17 00:06:36', 75),
(742, 'Shailyashikhar', '2023-05-17 00:06:36', '2023-05-17 00:06:36', 75),
(743, 'Binayee Tribeni', '2023-05-17 00:06:36', '2023-05-17 00:06:36', 76),
(744, 'Bulingtar', '2023-05-17 00:06:37', '2023-05-17 00:06:37', 76),
(745, 'Bungdikali', '2023-05-17 00:06:37', '2023-05-17 00:06:37', 76),
(746, 'Devchuli', '2023-05-17 00:06:37', '2023-05-17 00:06:37', 76),
(747, 'Gaidakot', '2023-05-17 00:06:37', '2023-05-17 00:06:37', 76),
(748, 'Hupsekot', '2023-05-17 00:06:38', '2023-05-17 00:06:38', 76),
(749, 'Kawasoti', '2023-05-17 00:06:38', '2023-05-17 00:06:38', 76),
(750, 'Madhyabindu', '2023-05-17 00:06:38', '2023-05-17 00:06:38', 76),
(751, 'Bhume', '2023-05-17 00:06:38', '2023-05-17 00:06:38', 77),
(752, 'Putha Uttarganga', '2023-05-17 00:06:38', '2023-05-17 00:06:38', 77),
(753, 'Sisne', '2023-05-17 00:06:39', '2023-05-17 00:06:39', 77);

-- --------------------------------------------------------

--
-- Table structure for table `provinces`
--

--
-- Dumping data for table `provinces`
--

INSERT INTO `provinces` (`id`, `province_name`, `created_at`, `updated_at`) VALUES
(1, 'Koshi Pradesh (Province No. 1)', '2023-05-17 00:03:40', '2023-05-17 00:03:40'),
(2, 'Madhesh Pradesh (Province No. 2)', '2023-05-17 00:03:40', '2023-05-17 00:03:40'),
(3, 'Bagmati Pradesh (Province No. 3)', '2023-05-17 00:03:40', '2023-05-17 00:03:40'),
(4, 'Gandaki Pradesh (Province No. 4)', '2023-05-17 00:03:40', '2023-05-17 00:03:40'),
(5, 'Lumbini Pradesh (Province No. 5)', '2023-05-17 00:03:40', '2023-05-17 00:03:40'),
(6, 'Karnali Pradesh (Province No. 6)', '2023-05-17 00:03:41', '2023-05-17 00:03:41'),
(7, 'Sudurpashchim Pradesh (Province No. 7)', '2023-05-17 00:03:41', '2023-05-17 00:03:41');

--
-- Indexes for dumped tables
--

--
-- Indexes for table `districts`
--